model,term,coef,IRR,CI_lower,CI_upper,p_value
Full sample Poisson – doctor_gap_yr,Intercept,0.3954806150513689,1.4850977797721199,1.4205823378202929,1.5525431766723,3.2986333404532145e-68
Full sample Poisson – doctor_gap_yr,"C(housing_tenure, Treatment(reference=""Owned or being bought""))[T.Other arrangement]",0.023950892168832904,1.0242400184496827,0.9687704567518388,1.0828856392991109,0.39916885708544025
Full sample Poisson – doctor_gap_yr,"C(housing_tenure, Treatment(reference=""Owned or being bought""))[T.Rented]",0.02759253903226952,1.027976738678456,1.0088135198166126,1.0475039781941997,0.004054106153472914
Full sample Poisson – doctor_gap_yr,C(sex)[T.Male],0.1476486422382427,1.1591055640708507,1.1424880666410335,1.175964763124425,2.4555453345495934e-89
Full sample Poisson – doctor_gap_yr,C(race_ethnicity)[T.Black non-Hispanic],-0.11214033702183845,0.8939187987953243,0.8623627978134527,0.9266295123882833,9.614058789612365e-10
Full sample Poisson – doctor_gap_yr,C(race_ethnicity)[T.Hispanic],-0.06236185901771322,0.9395428432205359,0.9038802968049469,0.9766124534047896,0.0015852490147784276
Full sample Poisson – doctor_gap_yr,C(race_ethnicity)[T.Multiple race non-Hispanic],-0.0022505899146828077,0.9977519407639366,0.9111630893771218,1.0925694279151934,0.9612465693493341
Full sample Poisson – doctor_gap_yr,C(race_ethnicity)[T.Other non-Hispanic],-0.04618085595707162,0.9548692527808327,0.8798363759257642,1.0363009701057826,0.2687293361279598
Full sample Poisson – doctor_gap_yr,C(race_ethnicity)[T.White non-Hispanic],-0.03592511875828216,0.9647125296506434,0.9351435673569841,0.9952164537636892,0.023706009135939607
Full sample Poisson – doctor_gap_yr,C(education)[T.AA technical],-0.02038690344336393,0.9798195044204759,0.9424053998201972,1.0187189731998094,0.3047401491616576
Full sample Poisson – doctor_gap_yr,C(education)[T.Bachelor's],-0.018668588225977677,0.9815045905251453,0.9532538340572017,1.0105925901412378,0.21026419534543794
Full sample Poisson – doctor_gap_yr,C(education)[T.Doctorate],-0.01075772115557729,0.989299936187563,0.949057878301511,1.0312483422952876,0.6116452371408735
Full sample Poisson – doctor_gap_yr,C(education)[T.GED],-0.027428131621525968,0.9729446039918876,0.9105237185922311,1.0396447485195779,0.41751281373154814
Full sample Poisson – doctor_gap_yr,C(education)[T.HS graduate],0.04021949505796528,1.0410392520875675,0.9847632755196747,1.1005312152965125,0.15605657459099923
Full sample Poisson – doctor_gap_yr,C(education)[T.Less than HS],0.0676143915950614,1.0699526461876077,1.0259173284452463,1.1158780862184863,0.0016147101541441034
Full sample Poisson – doctor_gap_yr,C(education)[T.Master's],-0.022963174177646404,0.9772984729305584,0.9538601144727521,1.0013127613794204,0.06373323145700016
Full sample Poisson – doctor_gap_yr,C(education)[T.Professional],-0.068444112227551,0.9338456491982879,0.9095665233728049,0.9587728595076457,3.5364732241025693e-07
Full sample Poisson – doctor_gap_yr,"C(education)[T.Some college, no degree]",0.0243715121452587,1.0246709248796706,0.9990342848887586,1.050965437498144,0.059399295710661076
Full sample Poisson – doctor_gap_yr,C(health_insurance)[T.Uninsured],0.4351981878110549,1.5452692821420022,1.4855715868421162,1.6073659293710199,6.099959690494212e-104
Full sample Poisson – doctor_gap_yr,transportation_barrier,-0.01739873272013501,0.9827517512227821,0.95200885320669,1.0144874191855446,0.28329121792302914
Full sample Poisson – doctor_gap_yr,housing_cost_trouble,-0.024236016096537964,0.9760553178047606,0.946048096989825,1.0070143224707515,0.12820201010306378
Full sample Poisson – doctor_gap_yr,AGEP_A,-0.003944135682654977,0.9960636322045971,0.9956672446636526,0.9964601775523625,5.088089509918541e-84
Full sample Poisson – doctor_gap_yr,POVRATTC_A,-0.00495651195565133,0.9950557512804074,0.9921648707043509,0.9979550550437302,0.0008409577943447794
Renter-only Poisson – doctor_gap_yr,Intercept,0.3625023311389389,1.4369205706437145,1.3372080109514235,1.544068469100776,5.1278625587991784e-23
Renter-only Poisson – doctor_gap_yr,C(sex)[T.Male],0.20962949358960284,1.2332210589932842,1.198985378607694,1.2684343007673418,3.083546493586098e-48
Renter-only Poisson – doctor_gap_yr,C(race_ethnicity)[T.Black non-Hispanic],-0.09186292560782137,0.9122301843734081,0.8594496664550103,0.9682520591512771,0.0025199513259174093
Renter-only Poisson – doctor_gap_yr,C(race_ethnicity)[T.Hispanic],-0.05023835212689533,0.9510027239625698,0.8926576295242373,1.0131613185967525,0.11989950211594327
Renter-only Poisson – doctor_gap_yr,C(race_ethnicity)[T.Multiple race non-Hispanic],-0.019657978783914856,0.9805339793866327,0.8571823487824228,1.1216363543853465,0.7744383977393989
Renter-only Poisson – doctor_gap_yr,C(race_ethnicity)[T.Other non-Hispanic],-0.07859676157305574,0.9244126079857662,0.822753438179891,1.0386327545387968,0.1860788656215604
Renter-only Poisson – doctor_gap_yr,C(race_ethnicity)[T.White non-Hispanic],-0.018774434826874832,0.981400707098424,0.9291810332888503,1.03655510970151,0.5009540016865628
Renter-only Poisson – doctor_gap_yr,C(education)[T.AA technical],-0.02689060304743433,0.9734677301025618,0.8977866508203948,1.0555285275015887,0.5149050064890845
Renter-only Poisson – doctor_gap_yr,C(education)[T.Bachelor's],-0.013715329473766382,0.986378297128842,0.9307132310652025,1.0453726374269554,0.6435314016850251
Renter-only Poisson – doctor_gap_yr,C(education)[T.Doctorate],-0.029032143986640634,0.9713852397705943,0.8858521379304989,1.0651769563355797,0.5370117477080498
Renter-only Poisson – doctor_gap_yr,C(education)[T.GED],-0.08953078502163667,0.9143601160950648,0.8285621441083362,1.0090425055625818,0.07492826739982764
Renter-only Poisson – doctor_gap_yr,C(education)[T.HS graduate],0.019816664553670964,1.0200143181031343,0.9353642510560496,1.1123251802286986,0.6539278107648124
Renter-only Poisson – doctor_gap_yr,C(education)[T.Less than HS],0.07039970876476985,1.0729369578617265,1.0005292902731577,1.150584722243649,0.048290012692775074
Renter-only Poisson – doctor_gap_yr,C(education)[T.Master's],-0.04905434531153173,0.9521293845244433,0.908664239358978,0.9976736462242929,0.039622766971573006
Renter-only Poisson – doctor_gap_yr,C(education)[T.Professional],-0.12229533113656667,0.8848869952266601,0.8374252293177183,0.9350386958836039,1.3740680445404995e-05
Renter-only Poisson – doctor_gap_yr,"C(education)[T.Some college, no degree]",0.02135266039262526,1.0215822597190451,0.9747745384777226,1.070637642015638,0.37223187104371414
Renter-only Poisson – doctor_gap_yr,C(health_insurance)[T.Uninsured],0.3717238308401374,1.450232416515811,1.372805137408007,1.5320266544779189,3.081087922767281e-40
Renter-only Poisson – doctor_gap_yr,transportation_barrier,-0.016139079671059136,0.9839904574689539,0.9378989616848499,1.032347043705658,0.5096660114347926
Renter-only Poisson – doctor_gap_yr,housing_cost_trouble,-0.022170242423076587,0.9780737112383548,0.9356492186725474,1.0224218281000494,0.32713768330847637
Renter-only Poisson – doctor_gap_yr,government_rent_assistance,-0.07548162708901764,0.9272967675184527,0.8916242892889983,0.9643964452066003,0.00016243803008467883
Renter-only Poisson – doctor_gap_yr,AGEP_A,-0.003336500677577217,0.9966690592555161,0.9959302205894102,0.9974084460348968,1.1632064978392077e-18
Renter-only Poisson – doctor_gap_yr,POVRATTC_A,0.0016891950813618718,1.001690622575032,0.9950984813042374,1.0083264342235334,0.6160752701955023
